형태,유통사,매장명,브랜드,23SS,23FW,24SS,24FW,25SS,매장 면적
아울렛,롯데,롯데아울렛이천(직),디스커버리,1138123100,2204452900,1120513100,2112217000,921561400,64.9
아울렛,롯데,롯데아울렛이천(직),노스페이스,1625636466,3834654420,2313493990,5208909090,2209125850,
아울렛,롯데,롯데아울렛이천(직),코오롱스포츠,779451030,1246085580,905897090,1118809010,720512620,
아울렛,롯데,롯데아울렛이천(직),K2,768772390,1366530580,762335510,1350642100,663738840,
아울렛,롯데,롯데아울렛이천(직),컬럼비아,803615690,908373380,655331380,1057516830,563966760,
아울렛,롯데,롯데아울렛이천(직),내셔널지오그래픽,1140423400,2673116220,1342452040,2539874600,1064870620,
아울렛,롯데,롯데아울렛이천(직),블랙야크,1011843240,1845800340,976632490,1796298700,1005136400,
아울렛,롯데,롯데아울렛이천(직),파타고니아,1167451400,1200826720,979517090,1059569890,813358730,
아울렛,롯데,롯데아울렛이천(직),아이더,703149420,1279373100,741554980,1412534960,584901820,
아울렛,롯데,롯데아울렛이천(직),몽벨,0,0,0,0,0,
아울렛,롯데,롯데아울렛이천(직),네파,678467730,1117350510,551685520,920544380,391097900,
아울렛,롯데,롯데아울렛이천(직),살로몬,0,0,0,0,0,
아울렛,롯데,롯데아울렛이천(직),머렐,0,0,0,0,0,
아울렛,롯데,롯데아울렛이천(직),노르디스크,0,0,0,624620800,521639550,
아울렛,롯데,롯데아울렛이천(직),밀레,0,0,0,0,0,
아울렛,롯데,롯데아울렛이천(직),아크테릭스,464271750,711451850,594906450,668660500,616644800,
아울렛,롯데,롯데아울렛이천(직),스노우피크,656201880,1056764900,746312400,1067371000,703578500,
아울렛,롯데,롯데아울렛이천(직),코닥,209936480,702013250,603495070,771677480,690413880,
아울렛,롯데,롯데아울렛동부산(직),디스커버리,1427834300,2820382610,1554189700,2731051700,1231554900,56.2
아울렛,롯데,롯데아울렛동부산(직),노스페이스,1566604770,3910933120,2524450330,5274021730,2477949780,
아울렛,롯데,롯데아울렛동부산(직),코오롱스포츠,2196498340,3128500760,2502617610,2716389270,1532825120,
아울렛,롯데,롯데아울렛동부산(직),K2,1053702320,1788101050,1122943210,2142515360,1083533100,
아울렛,롯데,롯데아울렛동부산(직),컬럼비아,1289897130,1571110820,857048530,1025264780,844973940,
아울렛,롯데,롯데아울렛동부산(직),내셔널지오그래픽,1690035000,2886229700,1655906060,2726798200,985217500,
아울렛,롯데,롯데아울렛동부산(직),블랙야크,1446228700,2298387300,1335383400,2236255800,1059007700,
아울렛,롯데,롯데아울렛동부산(직),파타고니아,1183699480,1294788440,1048600700,1439284230,1077133560,
아울렛,롯데,롯데아울렛동부산(직),아이더,832650880,1381572880,824786780,1340732620,646196520,
아울렛,롯데,롯데아울렛동부산(직),몽벨,0,0,174095380,368343970,170495110,
아울렛,롯데,롯데아울렛동부산(직),네파,862289220,1669155680,1001617510,1278684170,797590720,
아울렛,롯데,롯데아울렛동부산(직),살로몬,0,0,0,1326293700,906156900,
아울렛,롯데,롯데아울렛동부산(직),머렐,0,0,0,0,0,
아울렛,롯데,롯데아울렛동부산(직),노르디스크,0,0,0,952070500,714172600,
아울렛,롯데,롯데아울렛동부산(직),밀레,0,0,0,0,0,
아울렛,롯데,롯데아울렛동부산(직),아크테릭스,981772150,1478665520,1298865700,1594279500,1352287900,
아울렛,롯데,롯데아울렛동부산(직),스노우피크,1721895520,2372094800,1853084900,2643613750,1524576400,
아울렛,롯데,롯데아울렛동부산(직),코닥,0,0,0,1066710100,957734340,
아울렛,롯데,롯데아울렛김해(직),디스커버리,1970474100,4058566020,2169496600,4046381640,1813423400,62.2
아울렛,롯데,롯데아울렛김해(직),노스페이스,1575377990,3271827030,2175949080,4713324370,2252574930,
아울렛,롯데,롯데아울렛김해(직),코오롱스포츠,1874202880,2684795000,2112133220,2710686860,1855154150,
아울렛,롯데,롯데아울렛김해(직),K2,1305648390,2083098650,1343020300,2479070790,1594624180,
아울렛,롯데,롯데아울렛김해(직),컬럼비아,1214706000,1775192150,940071280,1568874750,840826120,
아울렛,롯데,롯데아울렛김해(직),내셔널지오그래픽,2239169500,4527583980,2269635450,4477076220,1956101480,
아울렛,롯데,롯데아울렛김해(직),블랙야크,1504092350,2369878700,1432084030,2181477000,1231201700,
아울렛,롯데,롯데아울렛김해(직),파타고니아,956833380,1057138410,776034570,1163355940,898182420,
아울렛,롯데,롯데아울렛김해(직),아이더,1200580780,2009054440,1208827040,1975538200,947433130,
아울렛,롯데,롯데아울렛김해(직),몽벨,0,0,0,0,43000000,
아울렛,롯데,롯데아울렛김해(직),네파,1244983720,1896528530,1154877420,1924342370,994296360,
아울렛,롯데,롯데아울렛김해(직),살로몬,0,0,0,0,189465300,
아울렛,롯데,롯데아울렛김해(직),머렐,0,0,0,0,0,
아울렛,롯데,롯데아울렛김해(직),노르디스크,0,0,0,0,100118600,
아울렛,롯데,롯데아울렛김해(직),밀레,0,0,0,0,0,
아울렛,롯데,롯데아울렛김해(직),아크테릭스,0,0,1016034150,1486550500,1512467800,
아울렛,롯데,롯데아울렛김해(직),스노우피크,1949488260,3087841490,2303128230,3495086500,2383710600,
아울렛,롯데,롯데아울렛김해(직),코닥,604346440,650753030,684200000,747000000,978020010,
아울렛,롯데,롯데아울렛수완(직),디스커버리,1104658100,2166206600,1113386300,2008038000,948482700,25.4
아울렛,롯데,롯데아울렛수완(직),노스페이스,1175762510,1774352450,970830340,1989455710,920356100,
아울렛,롯데,롯데아울렛수완(직),코오롱스포츠,1015332010,1045489580,910249930,934985920,660460780,
아울렛,롯데,롯데아울렛수완(직),K2,840990250,1321537000,910347540,1247366300,836253540,
아울렛,롯데,롯데아울렛수완(직),컬럼비아,0,0,0,0,0,
아울렛,롯데,롯데아울렛수완(직),내셔널지오그래픽,985795600,1432638360,820999900,1441527100,700964100,
아울렛,롯데,롯데아울렛수완(직),블랙야크,901482110,1244016300,789305020,1182778100,786720600,
아울렛,롯데,롯데아울렛수완(직),파타고니아,0,0,0,0,0,
아울렛,롯데,롯데아울렛수완(직),아이더,712932280,993912280,669393200,902878800,524812000,
아울렛,롯데,롯데아울렛수완(직),몽벨,0,0,0,0,0,
아울렛,롯데,롯데아울렛수완(직),네파,539487780,741542740,513060850,610748170,375563280,
아울렛,롯데,롯데아울렛수완(직),살로몬,0,0,0,0,0,
아울렛,롯데,롯데아울렛수완(직),머렐,0,0,0,0,0,
아울렛,롯데,롯데아울렛수완(직),노르디스크,0,0,0,614842050,491332650,
아울렛,롯데,롯데아울렛수완(직),밀레,0,0,0,0,0,
아울렛,롯데,롯데아울렛수완(직),아크테릭스,0,0,843597450,740991950,768199400,
아울렛,롯데,롯데아울렛수완(직),스노우피크,588990600,809410100,595444000,1303936800,913187900,
아울렛,롯데,롯데아울렛수완(직),코닥,486006230,459773740,465135170,417398960,396354510,
아울렛,롯데,롯데아울렛광주(직),디스커버리,674895100,1162343800,747073400,978333500,623981000,50
아울렛,롯데,롯데아울렛광주(직),노스페이스,0,0,0,0,0,
아울렛,롯데,롯데아울렛광주(직),코오롱스포츠,859603710,909135670,728104560,792065580,589160010,
아울렛,롯데,롯데아울렛광주(직),K2,617163100,970569600,672467590,978402990,629555820,
아울렛,롯데,롯데아울렛광주(직),컬럼비아,419594880,542896740,385038090,559982680,187493290,
아울렛,롯데,롯데아울렛광주(직),내셔널지오그래픽,543235800,826526500,523730250,738308420,406222000,
아울렛,롯데,롯데아울렛광주(직),블랙야크,724370080,998307000,678497680,876913100,614681700,
아울렛,롯데,롯데아울렛광주(직),파타고니아,0,0,0,0,0,
아울렛,롯데,롯데아울렛광주(직),아이더,385036340,454941900,328494200,415190920,294930440,
아울렛,롯데,롯데아울렛광주(직),몽벨,0,0,0,0,0,
아울렛,롯데,롯데아울렛광주(직),네파,723425840,920043530,717810000,950806100,679123620,
아울렛,롯데,롯데아울렛광주(직),살로몬,0,0,0,0,0,
아울렛,롯데,롯데아울렛광주(직),머렐,0,0,0,0,0,
아울렛,롯데,롯데아울렛광주(직),노르디스크,0,0,0,0,0,
아울렛,롯데,롯데아울렛광주(직),밀레,0,0,0,0,0,
아울렛,롯데,롯데아울렛광주(직),아크테릭스,0,0,0,0,0,
아울렛,롯데,롯데아울렛광주(직),스노우피크,358999100,479646900,317529100,413518250,397836600,
아울렛,롯데,롯데아울렛광주(직),코닥,239124200,159555100,344111090,281488290,422302680,
아울렛,마리오,마리오구로,디스커버리,870914600,2024683150,929098100,1741670200,710511100,42.3
아울렛,마리오,마리오구로,노스페이스,1047072000,2337035000,1111487000,2883266000,1007321000,
아울렛,마리오,마리오구로,코오롱스포츠,0,0,0,0,0,
아울렛,마리오,마리오구로,K2,633062000,1518530000,697871000,1361615000,687505000,
아울렛,마리오,마리오구로,컬럼비아,338010000,803479000,285123000,649780000,254212000,
아울렛,마리오,마리오구로,내셔널지오그래픽,506194000,1455217000,597274000,1237399000,562953000,
아울렛,마리오,마리오구로,블랙야크,582335000,1090943000,554193000,867205000,485536000,
아울렛,마리오,마리오구로,파타고니아,0,0,0,0,0,
아울렛,마리오,마리오구로,아이더,684300000,1396592000,717548000,1221081000,562597000,
아울렛,마리오,마리오구로,몽벨,399071000,668212000,431343000,592169000,321474000,
아울렛,마리오,마리오구로,네파,877502000,1909156000,985387000,1710009000,862888000,
아울렛,마리오,마리오구로,살로몬,0,0,0,0,0,
아울렛,마리오,마리오구로,머렐,321641000,562404000,379917000,587291000,348104000,
아울렛,마리오,마리오구로,노르디스크,0,0,0,0,0,
아울렛,마리오,마리오구로,밀레,746318000,1423806000,852122000,1299996000,789377000,
아울렛,마리오,마리오구로,아크테릭스,0,0,0,0,0,
아울렛,마리오,마리오구로,스노우피크,707408000,1209723000,635982000,783972000,427656000,
아울렛,마리오,마리오구로,코닥,0,0,0,0,0,
아울렛,롯데,롯데아울렛봉무(직),디스커버리,734992450,1430327500,645297000,1147108640,534447400,84.4
아울렛,롯데,롯데아울렛봉무(직),노스페이스,0,0,0,0,0,
아울렛,롯데,롯데아울렛봉무(직),코오롱스포츠,869041370,1363722480,781339600,1325256190,676145790,
아울렛,롯데,롯데아울렛봉무(직),K2,699259860,1393556060,661109450,1505277880,789671480,
아울렛,롯데,롯데아울렛봉무(직),컬럼비아,262512480,570002860,264165930,384647810,0,
아울렛,롯데,롯데아울렛봉무(직),내셔널지오그래픽,0,0,83357900,1306701750,622784200,
아울렛,롯데,롯데아울렛봉무(직),블랙야크,624751700,940904500,597411200,804175200,584203300,
아울렛,롯데,롯데아울렛봉무(직),파타고니아,0,0,0,0,0,
아울렛,롯데,롯데아울렛봉무(직),아이더,448049420,1096270960,474701640,1035558540,383999800,
아울렛,롯데,롯데아울렛봉무(직),몽벨,0,0,0,0,0,
아울렛,롯데,롯데아울렛봉무(직),네파,495878800,833003620,512524480,847109050,466372570,
아울렛,롯데,롯데아울렛봉무(직),살로몬,0,0,0,0,0,
아울렛,롯데,롯데아울렛봉무(직),머렐,0,0,0,0,0,
아울렛,롯데,롯데아울렛봉무(직),노르디스크,0,0,0,504162500,462894100,
아울렛,롯데,롯데아울렛봉무(직),밀레,0,0,19147100,0,0,
아울렛,롯데,롯데아울렛봉무(직),아크테릭스,0,0,0,0,0,
아울렛,롯데,롯데아울렛봉무(직),스노우피크,637692340,1044286800,647486800,761504500,658698300,
아울렛,롯데,롯데아울렛봉무(직),코닥,0,0,0,0,0,
아울렛,롯데,롯데아울렛청주(직),디스커버리,1087579000,2221944500,1013263500,1851373200,760902790,64.1
아울렛,롯데,롯데아울렛청주(직),노스페이스,1129927980,1689918470,1001066300,2134175670,839469200,
아울렛,롯데,롯데아울렛청주(직),코오롱스포츠,844237640,1138625980,647497820,923048130,502687550,
아울렛,롯데,롯데아울렛청주(직),K2,637428990,1170186260,653585440,1284530340,687723900,
아울렛,롯데,롯데아울렛청주(직),컬럼비아,329713060,647480260,289053240,535952760,236127380,
아울렛,롯데,롯데아울렛청주(직),내셔널지오그래픽,569648900,1197434080,667485500,1038515800,521166900,
아울렛,롯데,롯데아울렛청주(직),블랙야크,425477120,643026020,475188790,767489750,384620040,
아울렛,롯데,롯데아울렛청주(직),파타고니아,0,0,0,0,0,
아울렛,롯데,롯데아울렛청주(직),아이더,616352940,1010268300,608249200,938180990,484564720,
아울렛,롯데,롯데아울렛청주(직),몽벨,0,0,0,0,0,
아울렛,롯데,롯데아울렛청주(직),네파,657497890,1021920260,630130140,1030587590,532995180,
아울렛,롯데,롯데아울렛청주(직),살로몬,0,0,0,0,0,
아울렛,롯데,롯데아울렛청주(직),머렐,0,0,0,0,0,
아울렛,롯데,롯데아울렛청주(직),노르디스크,0,0,0,0,0,
아울렛,롯데,롯데아울렛청주(직),밀레,406448060,546875430,350757810,497274820,290975010,
아울렛,롯데,롯데아울렛청주(직),아크테릭스,0,0,0,0,0,
아울렛,롯데,롯데아울렛청주(직),스노우피크,580179280,833141100,615726200,966949600,722648500,
아울렛,롯데,롯데아울렛청주(직),코닥,942994400,910260450,900176370,965700590,809799360,
아울렛,롯데,롯데아울렛광명(직),디스커버리,396923600,872199800,383530900,717960280,263542900,46.3
아울렛,롯데,롯데아울렛광명(직),노스페이스,960431650,1728758390,992387210,1768352730,941526200,
아울렛,롯데,롯데아울렛광명(직),코오롱스포츠,419039980,857098700,683355380,768903340,460268820,
아울렛,롯데,롯데아울렛광명(직),K2,483923620,870957140,455648900,887321700,427743660,
아울렛,롯데,롯데아울렛광명(직),컬럼비아,202815590,446785770,202780010,447041020,159480180,
아울렛,롯데,롯데아울렛광명(직),내셔널지오그래픽,456153700,784291270,395953930,674630810,302700100,
아울렛,롯데,롯데아울렛광명(직),블랙야크,450217090,684513660,380607020,674893790,303455480,
아울렛,롯데,롯데아울렛광명(직),파타고니아,0,0,0,0,0,
아울렛,롯데,롯데아울렛광명(직),아이더,236280660,464073520,252270650,506538620,210311800,
아울렛,롯데,롯데아울렛광명(직),몽벨,172162800,342789320,180819300,352963700,158435900,
아울렛,롯데,롯데아울렛광명(직),네파,171320370,693669890,322742480,600614740,283341370,
아울렛,롯데,롯데아울렛광명(직),살로몬,0,0,0,0,0,
아울렛,롯데,롯데아울렛광명(직),머렐,0,0,0,0,0,
아울렛,롯데,롯데아울렛광명(직),노르디스크,0,0,0,0,0,
아울렛,롯데,롯데아울렛광명(직),밀레,198519690,377210970,250734720,355976140,133489430,
아울렛,롯데,롯데아울렛광명(직),아크테릭스,0,0,0,0,0,
아울렛,롯데,롯데아울렛광명(직),스노우피크,247377400,301107720,304109700,464800100,261725600,
아울렛,롯데,롯데아울렛광명(직),코닥,0,0,0,0,0,
아울렛,롯데,롯데아울렛고양(직),디스커버리,218686700,474281400,203417500,473889100,148639000,59.8
아울렛,롯데,롯데아울렛고양(직),노스페이스,463319050,886837380,431033500,960609100,505732540,
아울렛,롯데,롯데아울렛고양(직),코오롱스포츠,0,0,0,0,0,
아울렛,롯데,롯데아울렛고양(직),K2,325328200,525841430,267916600,355937300,193442000,
아울렛,롯데,롯데아울렛고양(직),컬럼비아,97197360,211253400,91320910,154430680,61203000,
아울렛,롯데,롯데아울렛고양(직),내셔널지오그래픽,273729000,621218800,273078300,472666470,324928700,
아울렛,롯데,롯데아울렛고양(직),블랙야크,210234790,401235600,201417600,327849100,208768990,
아울렛,롯데,롯데아울렛고양(직),파타고니아,0,0,0,0,0,
아울렛,롯데,롯데아울렛고양(직),아이더,146105100,295547960,134887240,325967330,151076820,
아울렛,롯데,롯데아울렛고양(직),몽벨,0,0,0,0,0,
아울렛,롯데,롯데아울렛고양(직),네파,74979760,111278520,53531460,201768650,77247880,
아울렛,롯데,롯데아울렛고양(직),살로몬,0,0,0,0,0,
아울렛,롯데,롯데아울렛고양(직),머렐,141071790,205934750,142015720,212593760,149309920,
아울렛,롯데,롯데아울렛고양(직),노르디스크,0,0,0,0,12883600,
아울렛,롯데,롯데아울렛고양(직),밀레,0,0,0,0,0,
아울렛,롯데,롯데아울렛고양(직),아크테릭스,0,0,0,0,0,
아울렛,롯데,롯데아울렛고양(직),스노우피크,0,0,0,0,17686000,
아울렛,롯데,롯데아울렛고양(직),코닥,0,0,0,0,0,
아울렛,롯데,롯데아울렛광교(직),디스커버리,372127600,762745200,355237900,634031400,290746200,60.6
아울렛,롯데,롯데아울렛광교(직),노스페이스,482795590,1194887160,611478610,1161905700,522194070,
아울렛,롯데,롯데아울렛광교(직),코오롱스포츠,657319940,963300380,577125530,433473130,277375250,
아울렛,롯데,롯데아울렛광교(직),K2,356820380,729367960,317950410,576672570,282718560,
아울렛,롯데,롯데아울렛광교(직),컬럼비아,270162360,508577100,235956400,407220200,132597360,
아울렛,롯데,롯데아울렛광교(직),내셔널지오그래픽,261815400,587404630,254287000,401493310,211975720,
아울렛,롯데,롯데아울렛광교(직),블랙야크,231466300,370793200,161412500,228211400,219719900,
아울렛,롯데,롯데아울렛광교(직),파타고니아,0,0,0,0,0,
아울렛,롯데,롯데아울렛광교(직),아이더,286186000,685700720,293454980,524353400,217942060,
아울렛,롯데,롯데아울렛광교(직),몽벨,168870140,167180260,143651510,304253050,211465350,
아울렛,롯데,롯데아울렛광교(직),네파,220854040,463005040,348430540,525500200,240257040,
아울렛,롯데,롯데아울렛광교(직),살로몬,0,0,0,0,0,
아울렛,롯데,롯데아울렛광교(직),머렐,0,0,89181690,92332810,78446790,
아울렛,롯데,롯데아울렛광교(직),노르디스크,0,0,0,187363250,135323400,
아울렛,롯데,롯데아울렛광교(직),밀레,0,0,0,0,0,
아울렛,롯데,롯데아울렛광교(직),아크테릭스,0,0,0,0,0,
아울렛,롯데,롯데아울렛광교(직),스노우피크,0,0,214104400,456073100,279142040,
아울렛,롯데,롯데아울렛광교(직),코닥,165213970,217250940,141058590,123446830,72135990,
아울렛,롯데,롯데아울렛진주(직),디스커버리,458863000,888350200,531321300,810992090,380766300,50.5
아울렛,롯데,롯데아울렛진주(직),노스페이스,528186260,942074930,602758300,1184131420,598079700,
아울렛,롯데,롯데아울렛진주(직),코오롱스포츠,0,0,0,0,0,
아울렛,롯데,롯데아울렛진주(직),K2,827926120,1232475330,848738520,1181855460,770163780,
아울렛,롯데,롯데아울렛진주(직),컬럼비아,0,0,0,0,0,
아울렛,롯데,롯데아울렛진주(직),내셔널지오그래픽,0,0,0,898396590,679664250,
아울렛,롯데,롯데아울렛진주(직),블랙야크,355552310,389614700,306426100,386306770,309383100,
아울렛,롯데,롯데아울렛진주(직),파타고니아,0,0,0,0,0,
아울렛,롯데,롯데아울렛진주(직),아이더,558236080,609859560,471610760,548929370,379996600,
아울렛,롯데,롯데아울렛진주(직),몽벨,0,0,0,0,0,
아울렛,롯데,롯데아울렛진주(직),네파,689485340,794409780,545058330,803028090,497128630,
아울렛,롯데,롯데아울렛진주(직),살로몬,0,0,0,279974000,387910000,
아울렛,롯데,롯데아울렛진주(직),머렐,0,0,0,0,0,
아울렛,롯데,롯데아울렛진주(직),노르디스크,0,0,0,34824700,439183500,
아울렛,롯데,롯데아울렛진주(직),밀레,294895440,244265380,163807420,123796230,100896330,
아울렛,롯데,롯데아울렛진주(직),아크테릭스,0,0,0,0,0,
아울렛,롯데,롯데아울렛진주(직),스노우피크,826186600,1131835800,906500400,1166520800,863877800,
아울렛,롯데,롯데아울렛진주(직),코닥,350613170,395198110,344217450,281862120,243626300,
아울렛,롯데,롯데아울렛파주(직),디스커버리,1067793600,2291073700,903161600,2014003500,666486800,85
아울렛,롯데,롯데아울렛파주(직),노스페이스,1448668770,3387024810,1706598560,4584422940,1838753970,
아울렛,롯데,롯데아울렛파주(직),코오롱스포츠,791269140,1336254940,929620460,1138085580,618257810,
아울렛,롯데,롯데아울렛파주(직),K2,627122960,1132991290,643553270,1217251000,577537420,
아울렛,롯데,롯데아울렛파주(직),컬럼비아,464602070,840912610,360639540,1043550170,377474610,
아울렛,롯데,롯데아울렛파주(직),내셔널지오그래픽,1100080200,1765690610,966936850,1628736900,570506300,
아울렛,롯데,롯데아울렛파주(직),블랙야크,591331100,1162476240,570722150,1078416920,406642720,
아울렛,롯데,롯데아울렛파주(직),파타고니아,434269960,434882600,408015500,606773940,501674920,
아울렛,롯데,롯데아울렛파주(직),아이더,665091700,1288910690,683366960,1371219680,555174600,
아울렛,롯데,롯데아울렛파주(직),몽벨,0,0,0,0,0,
아울렛,롯데,롯데아울렛파주(직),네파,447695690,925866370,334141690,1299745460,466909980,
아울렛,롯데,롯데아울렛파주(직),살로몬,0,0,0,0,0,
아울렛,롯데,롯데아울렛파주(직),머렐,147778190,392209900,252066840,271578020,91155360,
아울렛,롯데,롯데아울렛파주(직),노르디스크,0,0,0,0,0,
아울렛,롯데,롯데아울렛파주(직),밀레,316068940,594765820,0,0,0,
아울렛,롯데,롯데아울렛파주(직),아크테릭스,0,0,0,0,0,
아울렛,롯데,롯데아울렛파주(직),스노우피크,920471460,1204251800,845284700,1254684150,849345700,
아울렛,롯데,롯데아울렛파주(직),코닥,0,0,0,0,0,
아울렛,롯데,롯데아울렛부여(직),디스커버리,750101700,1683669700,1018804800,1727002000,1132935600,58.7
아울렛,롯데,롯데아울렛부여(직),노스페이스,763483850,1227894680,842117230,1977864690,869659430,
아울렛,롯데,롯데아울렛부여(직),코오롱스포츠,918071490,1251540520,1092210870,1103326270,709715410,
아울렛,롯데,롯데아울렛부여(직),K2,688553740,920240770,603013260,883254220,655851480,
아울렛,롯데,롯데아울렛부여(직),컬럼비아,548318730,757673320,412120670,599257430,518555660,
아울렛,롯데,롯데아울렛부여(직),내셔널지오그래픽,959777300,1153891240,802386920,1628408740,994878100,
아울렛,롯데,롯데아울렛부여(직),블랙야크,577497250,808220540,454286530,705519100,569641450,
아울렛,롯데,롯데아울렛부여(직),파타고니아,0,0,0,0,0,
아울렛,롯데,롯데아울렛부여(직),아이더,660671660,901178700,495487420,838344100,503965180,
아울렛,롯데,롯데아울렛부여(직),몽벨,0,0,0,0,0,
아울렛,롯데,롯데아울렛부여(직),네파,744757670,1028850460,703428770,882624360,580905950,
아울렛,롯데,롯데아울렛부여(직),살로몬,0,0,0,0,0,
아울렛,롯데,롯데아울렛부여(직),머렐,0,0,0,0,0,
아울렛,롯데,롯데아울렛부여(직),노르디스크,0,0,0,12558500,522128100,
아울렛,롯데,롯데아울렛부여(직),밀레,0,0,0,0,0,
아울렛,롯데,롯데아울렛부여(직),아크테릭스,0,0,0,0,0,
아울렛,롯데,롯데아울렛부여(직),스노우피크,625214040,834307100,586985000,1350084000,908077900,
아울렛,롯데,롯데아울렛부여(직),코닥,510308450,528012570,477494750,533691240,583982800,
아울렛,신세계,신세계아울렛시흥(직),디스커버리,3283760600,5321534500,2711653500,5027335800,2049939000,114.7
아울렛,신세계,신세계아울렛시흥(직),노스페이스,1259918600,4628406370,2429440430,5791328410,2342854980,
아울렛,신세계,신세계아울렛시흥(직),코오롱스포츠,780524500,1876858400,1469643100,2131970000,1143841720,
아울렛,신세계,신세계아울렛시흥(직),K2,766455200,1914707650,879758720,2032410500,778188079,
아울렛,신세계,신세계아울렛시흥(직),컬럼비아,634238300,1363206500,647911590,1440504680,454337750,
아울렛,신세계,신세계아울렛시흥(직),내셔널지오그래픽,1160405500,2564293820,889000000,1977800000,850450000,
아울렛,신세계,신세계아울렛시흥(직),블랙야크,652759200,1283322700,720700000,1318200000,617020000,
아울렛,신세계,신세계아울렛시흥(직),파타고니아,0,0,0,0,494440000,
아울렛,신세계,신세계아울렛시흥(직),아이더,707550700,1383239440,621901700,1503000000,610620100,
아울렛,신세계,신세계아울렛시흥(직),몽벨,0,0,0,0,0,
아울렛,신세계,신세계아울렛시흥(직),네파,581073100,1284743000,544100000,1416600000,546390100,
아울렛,신세계,신세계아울렛시흥(직),살로몬,0,0,0,0,0,
아울렛,신세계,신세계아울렛시흥(직),머렐,0,0,0,0,0,
아울렛,신세계,신세계아울렛시흥(직),노르디스크,0,0,0,0,0,
아울렛,신세계,신세계아울렛시흥(직),밀레,0,0,0,0,0,
아울렛,신세계,신세계아울렛시흥(직),아크테릭스,0,0,625000000,1650500000,1371109100,
아울렛,신세계,신세계아울렛시흥(직),스노우피크,0,0,0,1273000000,1227900000,
아울렛,신세계,신세계아울렛시흥(직),코닥,0,0,0,0,0,
아울렛,롯데,롯데아울렛원흥(직),디스커버리,291390200,647396900,288277000,650824200,156607100,36.5
아울렛,롯데,롯데아울렛원흥(직),노스페이스,350348300,792754200,355572700,614985200,220303800,
아울렛,롯데,롯데아울렛원흥(직),코오롱스포츠,0,0,0,0,0,
아울렛,롯데,롯데아울렛원흥(직),K2,163804200,364347400,199841500,343612100,155937500,
아울렛,롯데,롯데아울렛원흥(직),컬럼비아,0,0,0,0,0,
아울렛,롯데,롯데아울렛원흥(직),내셔널지오그래픽,0,0,0,0,0,
아울렛,롯데,롯데아울렛원흥(직),블랙야크,164198800,329898600,83699500,174351500,71757600,
아울렛,롯데,롯데아울렛원흥(직),파타고니아,0,0,0,0,0,
아울렛,롯데,롯데아울렛원흥(직),아이더,228241600,494572800,295228100,473882500,208854800,
아울렛,롯데,롯데아울렛원흥(직),몽벨,0,0,0,0,0,
아울렛,롯데,롯데아울렛원흥(직),네파,127647200,465737600,155122300,513779900,103172000,
아울렛,롯데,롯데아울렛원흥(직),살로몬,0,0,0,0,0,
아울렛,롯데,롯데아울렛원흥(직),머렐,0,0,0,0,0,
아울렛,롯데,롯데아울렛원흥(직),노르디스크,0,0,0,253460400,259003400,
아울렛,롯데,롯데아울렛원흥(직),밀레,0,0,0,0,0,
아울렛,롯데,롯데아울렛원흥(직),아크테릭스,0,0,0,0,0,
아울렛,롯데,롯데아울렛원흥(직),스노우피크,0,0,0,0,0,
아울렛,롯데,롯데아울렛원흥(직),코닥,0,0,0,0,0,
아울렛,롯데,롯데아울렛군산(직),디스커버리,619961500,1298088100,738651000,1174412500,497558200,49.1
아울렛,롯데,롯데아울렛군산(직),노스페이스,660343490,1407969640,828768520,1580797980,781770300,
아울렛,롯데,롯데아울렛군산(직),코오롱스포츠,0,0,0,0,0,
아울렛,롯데,롯데아울렛군산(직),K2,582978000,915714960,565195700,928852180,552366700,
아울렛,롯데,롯데아울렛군산(직),컬럼비아,272314990,454418520,213666650,416584430,214441450,
아울렛,롯데,롯데아울렛군산(직),내셔널지오그래픽,0,0,0,0,0,
아울렛,롯데,롯데아울렛군산(직),블랙야크,397145340,672166300,435247000,673487870,392357700,
아울렛,롯데,롯데아울렛군산(직),파타고니아,0,0,0,0,0,
아울렛,롯데,롯데아울렛군산(직),아이더,427206780,699095260,440333680,629948720,215917880,
아울렛,롯데,롯데아울렛군산(직),몽벨,0,0,0,0,0,
아울렛,롯데,롯데아울렛군산(직),네파,345200090,553373280,372634190,530885990,289964020,
아울렛,롯데,롯데아울렛군산(직),살로몬,0,0,0,0,0,
아울렛,롯데,롯데아울렛군산(직),머렐,0,0,0,0,0,
아울렛,롯데,롯데아울렛군산(직),노르디스크,0,0,0,0,0,
아울렛,롯데,롯데아울렛군산(직),밀레,390232470,453101200,206747280,239843310,162496500,
아울렛,롯데,롯데아울렛군산(직),아크테릭스,0,0,0,0,0,
아울렛,롯데,롯데아울렛군산(직),스노우피크,486341400,677582600,486318500,665366200,466752800,
아울렛,롯데,롯데아울렛군산(직),코닥,0,0,0,0,0,
아울렛,현대,현대아울렛가산(직),디스커버리,431318900,1026559800,510589600,992468000,426040400,37.5
아울렛,현대,현대아울렛가산(직),노스페이스,308379350,1240017700,416485720,1478430870,485653180,
아울렛,현대,현대아울렛가산(직),코오롱스포츠,397968340,642386478,631428750,712487560,578568520,
아울렛,현대,현대아울렛가산(직),K2,313299963,831118810,426476370,797354500,414462900,
아울렛,현대,현대아울렛가산(직),컬럼비아,141670560,0,0,0,0,
아울렛,현대,현대아울렛가산(직),내셔널지오그래픽,358833700,771038700,426680280,805589700,393853320,
아울렛,현대,현대아울렛가산(직),블랙야크,201946690,410387978,258303440,470318720,233004190,
아울렛,현대,현대아울렛가산(직),파타고니아,0,0,0,0,0,
아울렛,현대,현대아울렛가산(직),아이더,243917820,497551720,262389320,437750362,222768400,
아울렛,현대,현대아울렛가산(직),몽벨,0,0,0,0,0,
아울렛,현대,현대아울렛가산(직),네파,156235390,498129580,172511000,373937740,151970330,
아울렛,현대,현대아울렛가산(직),살로몬,0,0,0,0,0,
아울렛,현대,현대아울렛가산(직),머렐,0,0,0,0,0,
아울렛,현대,현대아울렛가산(직),노르디스크,0,0,0,0,0,
아울렛,현대,현대아울렛가산(직),밀레,174121720,371593550,244852950,380410640,211480080,
아울렛,현대,현대아울렛가산(직),아크테릭스,0,0,0,0,0,
아울렛,현대,현대아울렛가산(직),스노우피크,12698100,699607300,514765700,665034370,393943000,
아울렛,현대,현대아울렛가산(직),코닥,0,0,0,0,0,
아울렛,신세계,신세계아울렛파주(직),디스커버리,1301175870,3062714800,1316901100,3021667010,1043032400,95.8
아울렛,신세계,신세계아울렛파주(직),노스페이스,1111800000,3066000000,1360150000,3653800000,1243000000,
아울렛,신세계,신세계아울렛파주(직),코오롱스포츠,879300000,1750100000,1042200000,1595100000,949350000,
아울렛,신세계,신세계아울렛파주(직),K2,897100000,1742200000,868200000,1693700000,718140000,
아울렛,신세계,신세계아울렛파주(직),컬럼비아,761500000,1310800000,649400000,1167200000,530010000,
아울렛,신세계,신세계아울렛파주(직),내셔널지오그래픽,1057000000,2182100000,1130700000,1953700000,906600000,
아울렛,신세계,신세계아울렛파주(직),블랙야크,807600000,1366900000,673300000,1290500000,550785000,
아울렛,신세계,신세계아울렛파주(직),파타고니아,1347150000,1221900000,966500000,1173300000,845250000,
아울렛,신세계,신세계아울렛파주(직),아이더,670200000,1391200000,594000000,1099200000,591600000,
아울렛,신세계,신세계아울렛파주(직),몽벨,0,0,0,0,0,
아울렛,신세계,신세계아울렛파주(직),네파,561000000,1211900000,662400000,1045200000,458500000,
아울렛,신세계,신세계아울렛파주(직),살로몬,0,0,0,747600000,959700000,
아울렛,신세계,신세계아울렛파주(직),머렐,0,0,0,0,0,
아울렛,신세계,신세계아울렛파주(직),노르디스크,0,0,0,0,0,
아울렛,신세계,신세계아울렛파주(직),밀레,0,0,0,0,0,
아울렛,신세계,신세계아울렛파주(직),아크테릭스,732600000,1325700000,1170450000,1235400000,915450000,
아울렛,신세계,신세계아울렛파주(직),스노우피크,1094300000,1656300000,978500000,1564900000,776000000,
아울렛,신세계,신세계아울렛파주(직),코닥,407650000,587510000,502500000,613400000,502000000,
아울렛,롯데,롯데아울렛기흥(직),디스커버리,1848687800,3650870710,1747899400,3305025740,1332851700,96.6
아울렛,롯데,롯데아울렛기흥(직),노스페이스,1361780620,3035500000,1397539670,4482029800,1869670000,
아울렛,롯데,롯데아울렛기흥(직),코오롱스포츠,1142601120,2204200000,1403336260,2199636690,1167000000,
아울렛,롯데,롯데아울렛기흥(직),K2,591567300,1528150000,694776900,1645266000,795480000,
아울렛,롯데,롯데아울렛기흥(직),컬럼비아,667069550,1304610000,654466430,1247833850,525510000,
아울렛,롯데,롯데아울렛기흥(직),내셔널지오그래픽,1048271400,2279850000,1072198300,2297104000,967330000,
아울렛,롯데,롯데아울렛기흥(직),블랙야크,862745550,1715400000,787146300,1532848600,719750000,
아울렛,롯데,롯데아울렛기흥(직),파타고니아,654320000,883050000,710237190,1028434500,1032000000,
아울렛,롯데,롯데아울렛기흥(직),아이더,624976900,1368750000,681769220,1389520600,711990000,
아울렛,롯데,롯데아울렛기흥(직),몽벨,0,0,0,0,0,
아울렛,롯데,롯데아울렛기흥(직),네파,551207810,1313010000,568797000,1164940000,428590000,
아울렛,롯데,롯데아울렛기흥(직),살로몬,0,0,0,1031695500,1310250000,
아울렛,롯데,롯데아울렛기흥(직),머렐,0,0,0,0,0,
아울렛,롯데,롯데아울렛기흥(직),노르디스크,0,0,0,932264800,692460000,
아울렛,롯데,롯데아울렛기흥(직),밀레,0,0,0,0,0,
아울렛,롯데,롯데아울렛기흥(직),아크테릭스,309440000,1153450000,1027856750,1238311850,1212780000,
아울렛,롯데,롯데아울렛기흥(직),스노우피크,999974000,1519940000,969171400,1412565800,1067340000,
아울렛,롯데,롯데아울렛기흥(직),코닥,462400000,474600000,338950000,428700000,385900000,
아울렛,현대,현대아울렛김포(직),디스커버리,1034836900,2527435000,1084590700,2532820000,849884500,80.2
아울렛,현대,현대아울렛김포(직),노스페이스,1417170730,4326433470,2270361125,5743771275,2426804220,
아울렛,현대,현대아울렛김포(직),코오롱스포츠,1018174500,1713739460,1373222130,2010101500,1418434660,
아울렛,현대,현대아울렛김포(직),K2,943270250,1763635060,865450970,1887987100,853264900,
아울렛,현대,현대아울렛김포(직),컬럼비아,593332960,1256599300,577875140,917123800,484713990,
아울렛,현대,현대아울렛김포(직),내셔널지오그래픽,635690300,1480080300,648346680,1627889100,634532300,
아울렛,현대,현대아울렛김포(직),블랙야크,577382055,1102999010,510409810,1016137149,495344160,
아울렛,현대,현대아울렛김포(직),파타고니아,0,1351042300,975155420,1494373000,1139080740,
아울렛,현대,현대아울렛김포(직),아이더,630873780,1413240418,751563248,1394414548,704223686,
아울렛,현대,현대아울렛김포(직),몽벨,0,0,0,0,0,
아울렛,현대,현대아울렛김포(직),네파,758157980,1665732930,724769760,1636439685,821178120,
아울렛,현대,현대아울렛김포(직),살로몬,0,0,0,1185713600,1423005400,
아울렛,현대,현대아울렛김포(직),머렐,0,0,0,0,0,
아울렛,현대,현대아울렛김포(직),노르디스크,0,0,0,630371100,518531400,
아울렛,현대,현대아울렛김포(직),밀레,335711018,592461212,0,0,0,
아울렛,현대,현대아울렛김포(직),아크테릭스,1144634100,1664365396,1556524800,1584993400,1404296800,
아울렛,현대,현대아울렛김포(직),스노우피크,1089449100,1859458000,1347320100,1995376900,1282482600,
아울렛,현대,현대아울렛김포(직),코닥,0,0,0,0,0,
아울렛,신세계,신세계아울렛기장(직),디스커버리,1284085900,2889161500,1290172600,2298339600,1032696500,75.4
아울렛,신세계,신세계아울렛기장(직),노스페이스,1294329780,3219937940,1576488180,4458580840,1845834080,
아울렛,신세계,신세계아울렛기장(직),코오롱스포츠,1189144200,1668623600,996920000,1590105260,803800000,
아울렛,신세계,신세계아울렛기장(직),K2,699693400,1114647360,577757600,1068254160,636850540,
아울렛,신세계,신세계아울렛기장(직),컬럼비아,657580000,831390790,441394420,655056080,333388130,
아울렛,신세계,신세계아울렛기장(직),내셔널지오그래픽,1082031300,1756689340,836468600,1812351100,756792500,
아울렛,신세계,신세계아울렛기장(직),블랙야크,450631460,728017130,569272050,836000150,498591000,
아울렛,신세계,신세계아울렛기장(직),파타고니아,0,0,0,0,0,
아울렛,신세계,신세계아울렛기장(직),아이더,546126800,836696380,363340300,733446440,345247700,
아울렛,신세계,신세계아울렛기장(직),몽벨,0,0,0,0,0,
아울렛,신세계,신세계아울렛기장(직),네파,511664430,1064954330,450623420,1067681270,411440640,
아울렛,신세계,신세계아울렛기장(직),살로몬,0,0,0,1165909200,1241249800,
아울렛,신세계,신세계아울렛기장(직),머렐,0,0,0,0,0,
아울렛,신세계,신세계아울렛기장(직),노르디스크,0,0,0,1436555000,615401200,
아울렛,신세계,신세계아울렛기장(직),밀레,0,0,0,0,0,
아울렛,신세계,신세계아울렛기장(직),아크테릭스,0,0,0,1070623450,979359150,
아울렛,신세계,신세계아울렛기장(직),스노우피크,1003528300,1692515900,996323000,2362965700,1216723600,
아울렛,신세계,신세계아울렛기장(직),코닥,383699480,698871900,462000000,339000000,239653290,
아울렛,롯데,롯데아울렛율하(직),디스커버리,623337300,1164370400,597096600,931452400,457556600,32.5
아울렛,롯데,롯데아울렛율하(직),노스페이스,359464740,864586170,468384530,1011463680,481964000,
아울렛,롯데,롯데아울렛율하(직),코오롱스포츠,637220230,793417130,556448960,771941530,514321690,
아울렛,롯데,롯데아울렛율하(직),K2,333499660,531899430,350567480,726580710,468736620,
아울렛,롯데,롯데아울렛율하(직),컬럼비아,170487900,349336600,0,0,0,
아울렛,롯데,롯데아울렛율하(직),내셔널지오그래픽,642224600,1166998000,656414200,1012585400,533423500,
아울렛,롯데,롯데아울렛율하(직),블랙야크,534917300,776120100,374532560,546923940,357670040,
아울렛,롯데,롯데아울렛율하(직),파타고니아,0,0,0,0,0,
아울렛,롯데,롯데아울렛율하(직),아이더,375278000,546494560,406635400,552223200,267546300,
아울렛,롯데,롯데아울렛율하(직),몽벨,0,0,0,0,0,
아울렛,롯데,롯데아울렛율하(직),네파,433385870,636464970,394972160,619676760,313685680,
아울렛,롯데,롯데아울렛율하(직),살로몬,0,0,0,0,0,
아울렛,롯데,롯데아울렛율하(직),머렐,0,0,0,0,0,
아울렛,롯데,롯데아울렛율하(직),노르디스크,0,0,0,305454450,263611050,
아울렛,롯데,롯데아울렛율하(직),밀레,0,0,0,0,0,
아울렛,롯데,롯데아울렛율하(직),아크테릭스,0,0,0,0,0,
아울렛,롯데,롯데아울렛율하(직),스노우피크,0,0,0,0,0,
아울렛,롯데,롯데아울렛율하(직),코닥,0,0,0,52000000,158568030,
아울렛,현대,현대아울렛대전(직),디스커버리,689296500,2924551500,1400761700,2614249200,1227372400,80
아울렛,현대,현대아울렛대전(직),노스페이스,392639920,2803219030,1257687290,3533362520,1307218260,
아울렛,현대,현대아울렛대전(직),코오롱스포츠,493332220,1599448510,1129466980,1673699747,1020385620,
아울렛,현대,현대아울렛대전(직),K2,257371580,1565237420,761029980,1622402551,743091780,
아울렛,현대,현대아울렛대전(직),컬럼비아,240357320,1099681170,682859410,1189379490,729211190,
아울렛,현대,현대아울렛대전(직),내셔널지오그래픽,335372400,1788664940,991478330,1868827400,809715200,
아울렛,현대,현대아울렛대전(직),블랙야크,261041340,1168499420,884541539,1715888193,810637409,
아울렛,현대,현대아울렛대전(직),파타고니아,445462400,635662660,503339590,807481400,566523020,
아울렛,현대,현대아울렛대전(직),아이더,235363780,1272246270,606495460,1309402400,558765060,
아울렛,현대,현대아울렛대전(직),몽벨,0,0,0,0,0,
아울렛,현대,현대아울렛대전(직),네파,294872650,1242300543,802652480,1428483960,699780550,
아울렛,현대,현대아울렛대전(직),살로몬,0,0,0,0,0,
아울렛,현대,현대아울렛대전(직),머렐,0,0,0,0,0,
아울렛,현대,현대아울렛대전(직),노르디스크,0,0,0,0,0,
아울렛,현대,현대아울렛대전(직),밀레,0,0,0,0,0,
아울렛,현대,현대아울렛대전(직),아크테릭스,338035500,1074317001,937529900,1204555400,884153100,
아울렛,현대,현대아울렛대전(직),스노우피크,563828960,1863387500,1394269800,2200341300,1534824300,
아울렛,현대,현대아울렛대전(직),코닥,0,0,0,0,0,
아울렛,현대,현대아울렛송도(직),디스커버리,1380221900,2875389000,1411932600,2895325300,1212816300,72.1
아울렛,현대,현대아울렛송도(직),노스페이스,1378497560,3743250520,1757645780,4058451440,1730656140,
아울렛,현대,현대아울렛송도(직),코오롱스포츠,1479097740,2208196080,1831166600,1836334010,1261517470,
아울렛,현대,현대아울렛송도(직),K2,1017700900,2218051210,948315660,2077695680,998381280,
아울렛,현대,현대아울렛송도(직),컬럼비아,527613280,856664400,428330290,933856490,423659580,
아울렛,현대,현대아울렛송도(직),내셔널지오그래픽,1011882600,1832429720,959788398,1923687500,884779300,
아울렛,현대,현대아울렛송도(직),블랙야크,774978450,1435000280,680324400,1257010170,672956840,
아울렛,현대,현대아울렛송도(직),파타고니아,0,0,0,0,0,
아울렛,현대,현대아울렛송도(직),아이더,810445620,1645836120,728249060,1552030320,598668380,
아울렛,현대,현대아울렛송도(직),몽벨,0,0,0,0,0,
아울렛,현대,현대아울렛송도(직),네파,580857497,1425285640,511445120,1126674130,528451210,
아울렛,현대,현대아울렛송도(직),살로몬,0,0,0,0,154563800,
아울렛,현대,현대아울렛송도(직),머렐,0,0,0,0,0,
아울렛,현대,현대아울렛송도(직),노르디스크,0,0,0,0,57391450,
아울렛,현대,현대아울렛송도(직),밀레,0,0,0,0,0,
아울렛,현대,현대아울렛송도(직),아크테릭스,874122000,1131559246,1000155500,1137242000,980234900,
아울렛,현대,현대아울렛송도(직),스노우피크,939602540,1440521800,1026076100,1456954200,995165900,
아울렛,현대,현대아울렛송도(직),코닥,0,0,0,0,0,
아울렛,현대,현대아울렛스페이스원(직),디스커버리,1311344000,2844981800,1315135380,2695749600,1056577200,91.6
아울렛,현대,현대아울렛스페이스원(직),노스페이스,2041935820,5284215710,2018491190,5261866220,2091613860,
아울렛,현대,현대아울렛스페이스원(직),코오롱스포츠,988854820,1550748730,1080522260,1832652600,1153332310,
아울렛,현대,현대아울렛스페이스원(직),K2,847807700,1752783120,922206410,1888019340,1022786700,
아울렛,현대,현대아울렛스페이스원(직),컬럼비아,495782432,970674596,481056080,1154533560,591709600,
아울렛,현대,현대아울렛스페이스원(직),내셔널지오그래픽,828125500,1607288980,913921090,1847621700,737295500,
아울렛,현대,현대아울렛스페이스원(직),블랙야크,677646070,1299638090,604000110,1123735790,554509510,
아울렛,현대,현대아울렛스페이스원(직),파타고니아,1822235900,1456126400,1295979880,1613144540,1409090240,
아울렛,현대,현대아울렛스페이스원(직),아이더,572631440,1372124480,590797900,1540088940,631643300,
아울렛,현대,현대아울렛스페이스원(직),몽벨,0,0,0,0,0,
아울렛,현대,현대아울렛스페이스원(직),네파,514680760,1109601990,550522800,1410657740,531990580,
아울렛,현대,현대아울렛스페이스원(직),살로몬,0,0,0,1091783700,1448096400,
아울렛,현대,현대아울렛스페이스원(직),머렐,0,0,0,0,0,
아울렛,현대,현대아울렛스페이스원(직),노르디스크,0,0,0,0,0,
아울렛,현대,현대아울렛스페이스원(직),밀레,0,0,0,0,0,
아울렛,현대,현대아울렛스페이스원(직),아크테릭스,0,0,130262850,1081610700,1082041250,
아울렛,현대,현대아울렛스페이스원(직),스노우피크,1112110880,1883900780,1362339000,1934427000,1320497100,
아울렛,현대,현대아울렛스페이스원(직),코닥,392210230,572595750,529147220,558234040,483547950,
아울렛,롯데,롯데아울렛의왕(직),디스커버리,1018271900,2126300100,846479300,1565879300,585414800,148.9
아울렛,롯데,롯데아울렛의왕(직),노스페이스,1121848560,2461810250,1149689990,2810152190,979443450,
아울렛,롯데,롯데아울렛의왕(직),코오롱스포츠,0,0,1512710760,1355152490,1193842000,
아울렛,롯데,롯데아울렛의왕(직),K2,546205080,1160060610,518063400,1127332780,566835700,
아울렛,롯데,롯데아울렛의왕(직),컬럼비아,551297970,990455480,504825660,929528610,551379850,
아울렛,롯데,롯데아울렛의왕(직),내셔널지오그래픽,637089430,1258980930,566561700,1534169470,650389900,
아울렛,롯데,롯데아울렛의왕(직),블랙야크,501514000,1156144160,575431700,1109735840,591218000,
아울렛,롯데,롯데아울렛의왕(직),파타고니아,1098866490,781514620,633378680,780186390,587241340,
아울렛,롯데,롯데아울렛의왕(직),아이더,561405500,906831150,538599240,1028985717,659748700,
아울렛,롯데,롯데아울렛의왕(직),몽벨,0,0,0,0,0,
아울렛,롯데,롯데아울렛의왕(직),네파,447091620,777016350,269476180,944676440,347820670,
아울렛,롯데,롯데아울렛의왕(직),살로몬,0,0,0,529832700,575546400,
아울렛,롯데,롯데아울렛의왕(직),머렐,163096360,291517320,155011650,164086870,76734700,
아울렛,롯데,롯데아울렛의왕(직),노르디스크,0,0,0,360410800,771262800,
아울렛,롯데,롯데아울렛의왕(직),밀레,0,0,0,0,0,
아울렛,롯데,롯데아울렛의왕(직),아크테릭스,1007244700,1151439590,1200899900,1311033100,1274092800,
아울렛,롯데,롯데아울렛의왕(직),스노우피크,751799740,1206101910,870435000,1335964800,925073100,
아울렛,롯데,롯데아울렛의왕(직),코닥,533032660,551588740,595537620,418905700,430157090,
아울렛,신세계,신세계아울렛여주(직),디스커버리,895537470,3418123620,1412258170,2506427700,846793200,73.1
아울렛,신세계,신세계아울렛여주(직),노스페이스,1122023840,5119472830,2230766680,6027640900,2242215230,
아울렛,신세계,신세계아울렛여주(직),코오롱스포츠,270697280,1839960320,1493994070,1596110470,1108048120,
아울렛,신세계,신세계아울렛여주(직),K2,579582560,2552041790,1022949620,2358196700,936473900,
아울렛,신세계,신세계아울렛여주(직),컬럼비아,476978000,1421812620,750271350,1561003060,627442020,
아울렛,신세계,신세계아울렛여주(직),내셔널지오그래픽,0,0,600860900,1836535500,1017982700,
아울렛,신세계,신세계아울렛여주(직),블랙야크,323507800,1204308500,467525400,769150500,373673580,
아울렛,신세계,신세계아울렛여주(직),파타고니아,1041636600,1557410640,1107943160,1724803036,1255276000,
아울렛,신세계,신세계아울렛여주(직),아이더,528224680,1766504340,798846500,1542155330,533105580,
아울렛,신세계,신세계아울렛여주(직),몽벨,0,0,0,0,0,
아울렛,신세계,신세계아울렛여주(직),네파,0,0,0,0,0,
아울렛,신세계,신세계아울렛여주(직),살로몬,0,0,0,1131987100,1492168700,
아울렛,신세계,신세계아울렛여주(직),머렐,0,0,0,0,0,
아울렛,신세계,신세계아울렛여주(직),노르디스크,0,0,0,0,0,
아울렛,신세계,신세계아울렛여주(직),밀레,0,0,0,0,0,
아울렛,신세계,신세계아울렛여주(직),아크테릭스,0,0,0,0,0,
아울렛,신세계,신세계아울렛여주(직),스노우피크,0,0,719591100,2203072400,1469689700,
아울렛,신세계,신세계아울렛여주(직),코닥,0,0,0,0,0,
아울렛,롯데,롯데아울렛남악(직),디스커버리,0,0,774974900,1191120300,749898970,63.1
아울렛,롯데,롯데아울렛남악(직),노스페이스,0,0,1031555100,1569120940,865555350,
아울렛,롯데,롯데아울렛남악(직),코오롱스포츠,0,0,1062177360,1046122750,699256690,
아울렛,롯데,롯데아울렛남악(직),K2,0,0,566543600,925228060,616725000,
아울렛,롯데,롯데아울렛남악(직),컬럼비아,0,0,0,0,0,
아울렛,롯데,롯데아울렛남악(직),내셔널지오그래픽,0,0,261569900,561160900,343352100,
아울렛,롯데,롯데아울렛남악(직),블랙야크,0,0,467416000,613403000,457627130,
아울렛,롯데,롯데아울렛남악(직),파타고니아,0,0,0,0,0,
아울렛,롯데,롯데아울렛남악(직),아이더,0,0,346990320,481997020,282142660,
아울렛,롯데,롯데아울렛남악(직),몽벨,0,0,0,0,0,
아울렛,롯데,롯데아울렛남악(직),네파,0,0,418903770,470265560,346820240,
아울렛,롯데,롯데아울렛남악(직),살로몬,0,0,0,0,0,
아울렛,롯데,롯데아울렛남악(직),머렐,0,0,0,0,0,
아울렛,롯데,롯데아울렛남악(직),노르디스크,0,0,0,0,0,
아울렛,롯데,롯데아울렛남악(직),밀레,0,0,220864530,270447140,165973810,
아울렛,롯데,롯데아울렛남악(직),아크테릭스,0,0,0,0,0,
아울렛,롯데,롯데아울렛남악(직),스노우피크,0,0,398363900,404957499,470270430,
아울렛,롯데,롯데아울렛남악(직),코닥,0,0,280464000,287675600,241530000,
아울렛,현대,커넥트현대부산(직),디스커버리,0,0,0,364742290,183087800,44.7
아울렛,현대,커넥트현대부산(직),노스페이스,0,0,0,685023690,205875540,
아울렛,현대,커넥트현대부산(직),코오롱스포츠,0,0,0,275005250,217709260,
아울렛,현대,커넥트현대부산(직),K2,0,0,0,303262900,228625160,
아울렛,현대,커넥트현대부산(직),컬럼비아,0,0,0,214428190,108406200,
아울렛,현대,커넥트현대부산(직),내셔널지오그래픽,0,0,0,303219700,118254280,
아울렛,현대,커넥트현대부산(직),블랙야크,0,0,0,0,0,
아울렛,현대,커넥트현대부산(직),파타고니아,0,0,0,0,0,
아울렛,현대,커넥트현대부산(직),아이더,0,0,0,195408700,65995080,
아울렛,현대,커넥트현대부산(직),몽벨,0,0,0,0,0,
아울렛,현대,커넥트현대부산(직),네파,0,0,0,192132598,114633416,
아울렛,현대,커넥트현대부산(직),살로몬,0,0,0,0,0,
아울렛,현대,커넥트현대부산(직),머렐,0,0,0,0,0,
아울렛,현대,커넥트현대부산(직),노르디스크,0,0,0,0,0,
아울렛,현대,커넥트현대부산(직),밀레,0,0,0,0,0,
아울렛,현대,커넥트현대부산(직),아크테릭스,0,0,0,0,0,
아울렛,현대,커넥트현대부산(직),스노우피크,0,0,0,268304100,130490700,
아울렛,현대,커넥트현대부산(직),코닥,0,0,0,0,0,
아울렛,롯데,롯데아울렛은평(직),디스커버리,0,0,0,463939300,223177000,84.1
아울렛,롯데,롯데아울렛은평(직),노스페이스,0,0,0,1083425800,445907500,
아울렛,롯데,롯데아울렛은평(직),코오롱스포츠,0,0,0,0,0,
아울렛,롯데,롯데아울렛은평(직),K2,0,0,0,497110000,307410000,
아울렛,롯데,롯데아울렛은평(직),컬럼비아,0,0,0,360062710,181731760,
아울렛,롯데,롯데아울렛은평(직),내셔널지오그래픽,0,0,0,264033290,151039500,
아울렛,롯데,롯데아울렛은평(직),블랙야크,0,0,0,351751200,221340900,
아울렛,롯데,롯데아울렛은평(직),파타고니아,0,0,0,0,0,
아울렛,롯데,롯데아울렛은평(직),아이더,0,0,0,238094000,241713450,
아울렛,롯데,롯데아울렛은평(직),몽벨,0,0,0,0,0,
아울렛,롯데,롯데아울렛은평(직),네파,0,0,0,237960300,145180000,
아울렛,롯데,롯데아울렛은평(직),살로몬,0,0,0,0,0,
아울렛,롯데,롯데아울렛은평(직),머렐,0,0,0,0,0,
아울렛,롯데,롯데아울렛은평(직),노르디스크,0,0,0,255191000,234741500,
아울렛,롯데,롯데아울렛은평(직),밀레,0,0,0,0,0,
아울렛,롯데,롯데아울렛은평(직),아크테릭스,0,0,0,0,0,
아울렛,롯데,롯데아울렛은평(직),스노우피크,0,0,0,0,0,
아울렛,롯데,롯데아울렛은평(직),코닥,0,0,0,0,0,
아울렛,현대,커넥트현대청주(직),디스커버리,0,0,0,0,100793000,61.9
아울렛,현대,커넥트현대청주(직),노스페이스,0,0,0,0,152240290,
아울렛,현대,커넥트현대청주(직),코오롱스포츠,0,0,0,0,0,
아울렛,현대,커넥트현대청주(직),K2,0,0,0,0,100334360,
아울렛,현대,커넥트현대청주(직),컬럼비아,0,0,0,0,0,
아울렛,현대,커넥트현대청주(직),내셔널지오그래픽,0,0,0,0,172136700,
아울렛,현대,커넥트현대청주(직),블랙야크,0,0,0,0,59647950,
아울렛,현대,커넥트현대청주(직),파타고니아,0,0,0,0,0,
아울렛,현대,커넥트현대청주(직),아이더,0,0,0,0,48321440,
아울렛,현대,커넥트현대청주(직),몽벨,0,0,0,0,0,
아울렛,현대,커넥트현대청주(직),네파,0,0,0,0,0,
아울렛,현대,커넥트현대청주(직),살로몬,0,0,0,0,0,
아울렛,현대,커넥트현대청주(직),머렐,0,0,0,0,0,
아울렛,현대,커넥트현대청주(직),노르디스크,0,0,0,0,0,
아울렛,현대,커넥트현대청주(직),밀레,0,0,0,0,0,
아울렛,현대,커넥트현대청주(직),아크테릭스,0,0,0,0,0,
아울렛,현대,커넥트현대청주(직),스노우피크,0,0,0,0,110906400,
아울렛,현대,커넥트현대청주(직),코닥,0,0,0,0,182926170,
